103105796530,https://hz.lianjia.com/ershoufang/103105796530.html,中装修 小三房 满二无增值税 提前预约随时可看,越秀星汇城 ,3室2厅,,南,简装,,,临安,18,172,18495
103104395257,https://hz.lianjia.com/ershoufang/103104395257.html,香槟湾大四房 （双地铁、双综合体）,香滨湾花园 ,4室2厅,152.5,南,毛坯,低楼层(共11层),2008,九堡,39,399,26164
103104033915,https://hz.lianjia.com/ershoufang/103104033915.html,绿城品质 刚需看过来 小户型 户型正气 装修清爽 诚售,绿城桃源小镇 ,2室2厅,89.71,南,精装,低楼层(共11层),2008,闲林,38,190,21180
103104115312,https://hz.lianjia.com/ershoufang/103104115312.html,小面积，总价低，适合刚需客，自住装修,林之语 ,2室1厅,72.7,南,精装,中楼层(共18层),2012,钱江世纪城,168,209,28749
103104576373,https://hz.lianjia.com/ershoufang/103104576373.html,08年房龄 房龄新 小户型 业主诚心卖 看房方便,今日嘉园 ,1室1厅,63.42,南,精装,中楼层(共17层),2008,文教,16,390,61495
103105777267,https://hz.lianjia.com/ershoufang/103105777267.html,建国北路地铁口  新上4楼  小三房 适合刚需  改善,艮园社区 ,3室1厅,65.82,南,简装,中楼层(共7层),1992,建国北路,27,275,41781
103105786577,https://hz.lianjia.com/ershoufang/103105786577.html,金棕榈洋房单价3.9万！得房率高少有东边套超赞户型！,金棕榈花园 ,4室2厅,161.46,南,精装,低楼层(共8层),2003,复兴,9,645,39948
103103064344,https://hz.lianjia.com/ershoufang/103103064344.html,总价低 近西湖边 配套齐全 温馨舒适,皮市巷 ,1室1厅,23.94,南,简装,中楼层(共7层),1988,清泰,221,115,48037
103105540844,https://hz.lianjia.com/ershoufang/103105540844.html,大两房 无增值税和个税 交通便利 单价低 商圈成熟,丁桥颐景园 ,2室2厅,72.56,南,精装,低楼层(共16层),2012,丁桥,13,225,31009
103104509639,https://hz.lianjia.com/ershoufang/103104509639.html,沈塘桥地铁口 莫干新村两房 中间层 价格可谈,莫干新村 ,2室1厅,53.96,南,简装,中楼层(共5层),1982,湖墅,12,212,39289
103105887818,https://hz.lianjia.com/ershoufang/103105887818.html,广厦天都城温莎苑 4室1厅 300万,广厦天都城温莎苑 ,4室1厅,,南,精装,高楼层(共11层),2011,星桥,5,300,25211
103104358014,https://hz.lianjia.com/ershoufang/103104358014.html,房东诚心出售 户型方正 采光好 价格美丽,和达自由港 ,4室1厅,46.59,南,简装,低楼层(共16层),2000,工业园南,12,85,18245
103104708701,https://hz.lianjia.com/ershoufang/103104708701.html,精装修一房，建筑年代新，首付三成，贷款满30年！,定海西园 ,1室1厅,40.39,南,精装,中楼层(共6层),2006,拱宸桥,103,156,38624
103104969066,https://hz.lianjia.com/ershoufang/103104969066.html,钱江世纪 万科大家世纪之光 户型方正 满二年,万科大家世纪之光 ,3室2厅,81.21,南,精装,高楼层(共17层),2018,钱江世纪城,6,380,46793
103104875159,https://hz.lianjia.com/ershoufang/103104875159.html,满2年，自住装修，视野开阔，采光充足，诚心出售！,岸上蓝山 ,3室2厅,,南,精装,中楼层(共5层),2013,闲林,25,270,22690
103105678627,https://hz.lianjia.com/ershoufang/103105678627.html,越秀星汇城 品质物业 品质小区,越秀星汇城 ,3室2厅,89.49,南 北,毛坯,,,临安,4,155,17321
103104979073,https://hz.lianjia.com/ershoufang/103104979073.html,南北通透  三房两卫两阳台 随时看房,宋都东郡之星 ,3室2厅,89.09,南 北,毛坯,低楼层(共32层),2018,大学城北,12,210,23572
103105163628,https://hz.lianjia.com/ershoufang/103105163628.html,戒坛寺巷 1室1厅 290万,戒坛寺巷 ,1室1厅,47.35,南,简装,中楼层(共7层),1990,武林,8,290,61247
103104688596,https://hz.lianjia.com/ershoufang/103104688596.html,满五唯一，精装修，好楼层，方便看房,九龙仓君廷 ,3室2厅,85.64,南,精装,高楼层(共33层),2016,塘栖,16,175,20435
103104842730,https://hz.lianjia.com/ershoufang/103104842730.html,云溪印象  低总价，诚心出售 ，精装修 拎包入住,云溪印象 ,1室1厅,40.6,北,简装,中楼层(共7层),2011,转塘,32,76,18720
103105187314,https://hz.lianjia.com/ershoufang/103105187314.html,刚需过度 满五年 免增值税 不靠绕城 看房方便,久睦苑 ,2室2厅,62.5,南,毛坯,低楼层(共16层),2013,丁桥,184,155,24800
103105456909,https://hz.lianjia.com/ershoufang/103105456909.html,一克拉钻石品质机会只有一次，业主诚心,旭辉运河悦章 ,3室2厅,,南,毛坯,中楼层(共27层),2019,崇贤,22,187,22531
103103015807,https://hz.lianjia.com/ershoufang/103103015807.html,满五唯一免个税和契税，南北通透，上下两层，精装修,水印康庭 ,3室2厅,59.53,南 北,精装,低楼层(共12层),2006,三塘,80,315,52915
103105631848,https://hz.lianjia.com/ershoufang/103105631848.html,西湖区 大两房 简单装修 采光充足 诚心出售,新世纪花苑 ,2室1厅,71.45,南,简装,低楼层(共6层),1998,三墩,15,240,33590
103105135411,https://hz.lianjia.com/ershoufang/103105135411.html,绿城品质 三室两厅两卫 自住好选择,绿城玉兰花园 ,3室2厅,136.62,南 北,毛坯,高楼层(共26层),2014,临安,2,248,18153
103105674944,https://hz.lianjia.com/ershoufang/103105674944.html,满两年，简装。房东诚心出售，视野好。,融创金成西溪海 ,3室1厅,86.99,南 北,简装,高楼层(共18层),2014,闲林,79,212,24371
103105513674,https://hz.lianjia.com/ershoufang/103105513674.html,越秀3房2卫户型，楼层好。小区生活配套完善！,越秀星汇城 ,3室2厅,123.05,南,毛坯,中楼层(共32层),2012,临安,5,195,15848
103105548131,https://hz.lianjia.com/ershoufang/103105548131.html,青山湖科技城，江南佳苑。带车位，精装修，,江南佳苑 ,3室2厅,,南,精装,,,临安,13,150,15464
103104545447,https://hz.lianjia.com/ershoufang/103104545447.html,满两年 业主诚心出售 看房随时 价格可聊,众安学君里 ,3室2厅,89.44,南,毛坯,低楼层(共24层),2018,闲林,27,206,23033
103105679613,https://hz.lianjia.com/ershoufang/103105679613.html,万科精装  边套三房 全明采光  房东诚心,万科西庐一期 ,3室2厅,,南 东南,精装,低楼层(共14层),2016,西溪,27,465,52248
103104171158,https://hz.lianjia.com/ershoufang/103104171158.html,业主急售，中间楼层，看房联系潘亮,双菱新村 ,2室1厅,48.32,南,简装,低楼层(共6层),1985,采荷,19,265,54843
103102429218,https://hz.lianjia.com/ershoufang/103102429218.html,老城区市心地段刚需房源，经济实惠，过渡好房.,狮子桥弄 ,2室1厅,43.81,南,简装,中楼层(共6层),1985,萧山市区,495,125,28533
103105081468,https://hz.lianjia.com/ershoufang/103105081468.html,江南国际城 新小区 环境好 诚心出售,中国铁建江南国际城 ,3室2厅,88.28,南,简装,低楼层(共25层),2017,萧山新城区,19,350,39647
103104329082,https://hz.lianjia.com/ershoufang/103104329082.html,满五年并且唯一一套，中间楼层，两房朝南,翠苑二区 ,2室1厅,44.72,南,简装,中楼层(共7层),1989,翠苑,134,187,41816
103105508182,https://hz.lianjia.com/ershoufang/103105508182.html,亲亲家园   两房通透户型 诚心出售 全明户型,亲亲家园一期 ,2室2厅,78.06,南,简装,中楼层(共6层),2007,三墩,30,275,35230
103103104936,https://hz.lianjia.com/ershoufang/103103104936.html,铭和苑桂雨坊原始三房自住装修未改动,铭和苑桂雨坊 ,3室1厅,125.9,南,精装,中楼层(共11层),2008,金沙湖,14,315,25020
103105370927,https://hz.lianjia.com/ershoufang/103105370927.html,可拎包入住 中间楼层 诚心出售 ..,理想西溪金座 ,3室1厅,56.58,北,精装,低楼层(共9层),2014,未来科技城,36,127,22447
103105515038,https://hz.lianjia.com/ershoufang/103105515038.html,清爽装修 一梯两户 光线充足 两方朝南,翠苑三区 ,2室1厅,61.07,南,简装,低楼层(共6层),1989,翠苑,13,245,40118
103104297798,https://hz.lianjia.com/ershoufang/103104297798.html,流水苑在卖总价低的两居室，好楼层，运河景观房。,张官弄 ,2室1厅,41.43,南,精装,中楼层(共6层),1997,流水苑,147,165,39827
103105254495,https://hz.lianjia.com/ershoufang/103105254495.html,精装三室，满两年，看房方便，地铁交通方便。,万通时尚公馆 ,3室2厅,89.9,南,精装,低楼层(共25层),2018,未来科技城,12,358,39823
103104720118,https://hz.lianjia.com/ershoufang/103104720118.html,水陆寺巷 精装修 采光好 视野佳 总价低 业主诚售,水陆寺巷 ,1室1厅,40.87,西,精装,高楼层(共7层),1994,长庆,42,160,39149
103105625030,https://hz.lianjia.com/ershoufang/103105625030.html,单元边套 精装修 保养很好 满五年 看房方便,久睦苑 ,2室2厅,63.18,南 北,精装,中楼层(共16层),2006,丁桥,26,175,27699
103105620760,https://hz.lianjia.com/ershoufang/103105620760.html,勤远里，1997年房龄，满五唯一，两室一厅一厨一卫,勤远里 ,2室1厅,47.83,南,精装,中楼层(共7层),1995,鼓楼,4,212,44324
103104455655,https://hz.lianjia.com/ershoufang/103104455655.html,翡翠城特价房，精装修只卖毛坯价格，诚心卖满2年,翡翠城一期 ,4室2厅,,南,精装,低楼层(共10层),2008,翡翠城,62,508,27913
103103842792,https://hz.lianjia.com/ershoufang/103103842792.html,三房装修好 格局方正 全明户型 通透好房 楼层高采光好,东方福邸 ,3室1厅,89.17,南,精装,高楼层(共24层),2014,申花,28,475,53270
103104503816,https://hz.lianjia.com/ershoufang/103104503816.html,中装大两房，采光不错，户型很方正，看房便利,岸上蓝山 ,2室2厅,,南,简装,低楼层(共6层),2014,闲林,26,195,22160
103105357293,https://hz.lianjia.com/ershoufang/103105357293.html,星雅嘉园，满五唯一，看房方便。,星雅嘉园逸景苑 ,3室2厅,99.68,南,简装,高楼层(共16层),2006,星桥,5,203,20366
103104878881,https://hz.lianjia.com/ershoufang/103104878881.html,艺尚小镇旁花园洋房！地铁口.带超大露台！,景瑞御华府 ,3室2厅,88.64,南,精装,高楼层(共24层),2015,临平,105,198,22338
103104964417,https://hz.lianjia.com/ershoufang/103104964417.html,稻香园北区 2房 户型正气 诚心出售,稻香园北区 ,2室1厅,72.18,南 北,简装,高楼层(共7层),1997,湖墅,10,270,37407
103103209313,https://hz.lianjia.com/ershoufang/103103209313.html,小高层，新城香悦奥府，毛坯交房，次新房,新城香悦奥府 ,3室2厅,86.7,南,毛坯,低楼层(共27层),2018,萧山新城区,75,323,37255
103103833803,https://hz.lianjia.com/ershoufang/103103833803.html,此房满两年 免综合税 大三房 西边套户型 看房方便,滨江万家名城 ,3室2厅,119.03,南,精装,低楼层(共25层),2016,万达广场,17,450,37806
103104517361,https://hz.lianjia.com/ershoufang/103104517361.html,轻轨口  小区景观位置  不靠马路,新西湖小镇 ,2室2厅,73.55,南,简装,中楼层(共17层),2012,闲林,95,165,22434
103104753465,https://hz.lianjia.com/ershoufang/103104753465.html,绿城品质大盘，次新小区，满2年精装三房，急卖！,绿城桃源小镇 ,3室2厅,89.96,南,精装,低楼层(共17层),2014,闲林,264,212,23567
103104826438,https://hz.lianjia.com/ershoufang/103104826438.html,小区中间位置 不沿马路  楼层好 自住清爽装修,爵士风情花园 ,2室2厅,83.73,南,精装,中楼层(共6层),2008,闲林,5,200,23887
103102390410,https://hz.lianjia.com/ershoufang/103102390410.html,交通方便，顶楼带阁楼，户型敞亮,香樟公寓 ,3室2厅,70.9,南,简装,高楼层(共6层),1997,文三西路,272,290,40903
103104604874,https://hz.lianjia.com/ershoufang/103104604874.html,保利东湾小两房 房东诚心 户型方正,保利东湾 ,2室1厅,60.88,南,简装,32层,2010,沿江南,41,175,28746
103102986629,https://hz.lianjia.com/ershoufang/103102986629.html,亲亲家园四期 主城区 三房两卫 电梯房 楼层好,亲亲家园四期 ,3室2厅,113.95,南,毛坯,高楼层(共16层),2009,三墩,61,365,32032
103104855673,https://hz.lianjia.com/ershoufang/103104855673.html,龙湖小户型边套 户型实用 还不错,龙湖滟澜山澜轩 ,1室1厅,,西南,精装,高楼层(共22层),2011,金沙湖,27,225,37500
103105230338,https://hz.lianjia.com/ershoufang/103105230338.html,二房一卫户型精装修居住适宜采光充足诚心出售看房方便,华元欢乐城 ,2室1厅,,南,精装,低楼层(共22层),2016,临平,33,63,18530
103105130122,https://hz.lianjia.com/ershoufang/103105130122.html,满五唯一中间楼层两房户型自住精装,岸上蓝山 ,2室2厅,89.63,南,精装,中楼层(共6层),2012,闲林,34,219.8,24524
103103500742,https://hz.lianjia.com/ershoufang/103103500742.html,正气三房，满五年无增值税，采光好，沿河景观！,政新花园 ,3室2厅,82.08,南 北,简装,高楼层(共6层),2000,文一西路,38,425,51779
103104773227,https://hz.lianjia.com/ershoufang/103104773227.html,此房精装修 拎包入住 满足刚需人口的条件,朗诗未来街区 ,2室2厅,70.57,南,精装,高楼层(共18层),2015,乔司,37,208,29475
103105546313,https://hz.lianjia.com/ershoufang/103105546313.html,环城西路96号 2室1厅 390万,环城西路96号 ,2室1厅,69.9,南,简装,低楼层(共6层),1988,武林,6,390,55794
103105220145,https://hz.lianjia.com/ershoufang/103105220145.html,装修清爽，采光充足，中间楼层，业主诚心出售.,濮家新村 ,1室1厅,42.19,南,简装,高楼层(共6层),1988,闸弄口,8,170,40294
103104920951,https://hz.lianjia.com/ershoufang/103104920951.html,万科精装，坡地洋房，拎包入住.,万科郡西澜山 ,4室3厅,,南,精装,,,良渚,5,400,32000
103103820863,https://hz.lianjia.com/ershoufang/103103820863.html,小区环境好，房龄新，不沿街，房子带花园带地下室！,北大资源未名府 ,3室2厅,115.16,南,毛坯,12层,2014,未来科技城,41,485,42116
103105714447,https://hz.lianjia.com/ershoufang/103105714447.html,东边套，单价低，配套成熟不沿街，出行方便,翠苑三区 ,1室1厅,45.96,南,简装,高楼层(共6层),1989,翠苑,26,150,32638
103104937880,https://hz.lianjia.com/ershoufang/103104937880.html,华元欢乐城 3室1厅 228万,华元欢乐城 ,3室1厅,,南,简装,中楼层(共26层),2016,临平,37,228,25618
103105246698,https://hz.lianjia.com/ershoufang/103105246698.html,房东诚心卖，看房随时，配套齐全，交通便捷,钱塘景苑 ,2室2厅,92.42,南,精装,高楼层(共12层),2000,彩虹城,7,395,42740
103103886142,https://hz.lianjia.com/ershoufang/103103886142.html,翠苑五区中间楼层，两房朝南，户型方正，不沿街,翠苑五区 ,2室2厅,78.41,南,简装,中楼层(共7层),1998,翠苑,46,314,40046
103104251464,https://hz.lianjia.com/ershoufang/103104251464.html,闲林高品质小区房东诚心出售，满两年.全明户型位置佳,绿城桃源小镇 ,4室2厅,,东 南,毛坯,中楼层(共18层),2016,闲林,41,252,21914
103105260284,https://hz.lianjia.com/ershoufang/103105260284.html,金都花园 精装两房 中间楼层 不沿街,金都花园 ,2室1厅,76.68,南,精装,中楼层(共7层),1997,文三西路,18,328,42776
103104066882,https://hz.lianjia.com/ershoufang/103104066882.html,此房业主诚心出售 看房方便 价格可谈 满两年 有车位,湖漫雅筑 ,3室2厅,88.39,南,简装,高楼层(共12层),2015,白马湖,8,388,43897
103104057609,https://hz.lianjia.com/ershoufang/103104057609.html,滨江品质，次新房，居住适宜。由洋房和高层组成,滨江江南之星 ,3室2厅,89.51,南,毛坯,低楼层(共9层),2018,萧山新城区,74,370,41337
103104943514,https://hz.lianjia.com/ershoufang/103104943514.html,精装小户型住宅 拎包入住 出门商场公交站台 配套齐全,闲林山水丹枫苑 ,1室1厅,56.5,南,精装,低楼层(共18层),2008,闲林,26,155,27434
103104479499,https://hz.lianjia.com/ershoufang/103104479499.html,朗诗未来街区一期！中间楼层！客厅带阳台！,朗诗未来街区 ,2室2厅,,南,精装,中楼层(共18层),2015,乔司,28,200,27778
103105297344,https://hz.lianjia.com/ershoufang/103105297344.html,天河西苑 低总价 免双税 精装修,天河西苑 ,1室1厅,41.7,南 北,精装,高楼层(共6层),1997,文一西路,12,220,52758
103105071142,https://hz.lianjia.com/ershoufang/103105071142.html,89方 高档，清爽装修，没有入住，业主置换诚心出售,金都夏宫 ,2室2厅,88.51,南,精装,中楼层(共33层),2016,临平,14,210,23727
103104636446,https://hz.lianjia.com/ershoufang/103104636446.html,为何此房价格一降再降却无人问津？！,宋都晨光国际 ,4室2厅,168.99,南,简装,高楼层(共47层),2013,沿江南,4,423,25032
103105421114,https://hz.lianjia.com/ershoufang/103105421114.html,民安苑地铁口 2002年小两房 中间楼层 免双税,民安苑 ,2室1厅,43.87,南,毛坯,中楼层(共6层),2002,复兴,38,190,43310
103104599596,https://hz.lianjia.com/ershoufang/103104599596.html,大关东八苑新上小三房东边套中间楼层,大关东八苑 ,3室1厅,72.09,南 北,简装,低楼层(共7层),1996,大关,17,250,34679
103105099869,https://hz.lianjia.com/ershoufang/103105099869.html,仓基新村 小套一室一厅 一年前新装修,仓基新村 ,2室1厅,40.73,南,精装,低楼层(共7层),1988,信义坊,49,155,38056
103105367306,https://hz.lianjia.com/ershoufang/103105367306.html,北干一苑 市区繁华地段 临地铁 户型方正 诚心售,北干一苑 ,2室1厅,57.76,南,简装,中楼层(共6层),1996,萧山市区,17,180,31164
103105471703,https://hz.lianjia.com/ershoufang/103105471703.html,户型方正两房，四阳台，楼层好，视野开阔，诚心出售,伊萨卡国际城浩泽园 ,2室2厅,89.6,南,精装,高楼层(共33层),2008,沿江北,11,252,28125
103105131082,https://hz.lianjia.com/ershoufang/103105131082.html,小两房带装修 楼层好 采光无遮挡  诚心卖,阳光逸城 ,2室1厅,61.74,南,精装,高楼层(共15层),2010,丁桥,13,169,27373
103105184464,https://hz.lianjia.com/ershoufang/103105184464.html,三房两卫边套户型，一步到位省心省力,九龙仓碧玺 ,3室2厅,132.23,南 西 北,简装,低楼层(共32层),2015,桥西,13,700,52939
103103231233,https://hz.lianjia.com/ershoufang/103103231233.html,临平南大街 老城区 大两房 满5唯一 诚心出售,南大街 ,2室1厅,68.42,南,简装,,,临平,235,115,16808
103105668426,https://hz.lianjia.com/ershoufang/103105668426.html,总价超低  刚需福利   精美两房,蚕花园永安坊 ,2室1厅,50.63,南,简装,低楼层(共7层),1990,拱宸桥,79,160,31602
103105563124,https://hz.lianjia.com/ershoufang/103105563124.html,湿地旁 带地下室花园 精装  实际使用面积大,昆仑府 ,2室2厅,64.94,南 北,精装,低楼层(共5层),2013,西溪,27,308,47429
103105234848,https://hz.lianjia.com/ershoufang/103105234848.html,枫丹苑纯毛坯边套，楼层好位置佳,北景园枫丹苑 ,2室2厅,88.39,南,毛坯,低楼层(共18层),2008,石桥,14,230,26022
103105003160,https://hz.lianjia.com/ershoufang/103105003160.html,金都夏宫，环境优美，全新装修三房，诚心出售。,金都夏宫 ,3室2厅,,南 北,精装,高楼层(共40层),2014,临平,49,200,22472
103105248671,https://hz.lianjia.com/ershoufang/103105248671.html,月桂苑纯毛坯小三房，采光很好。,北景园月桂苑 ,3室2厅,80.68,南,毛坯,高楼层(共5层),2006,石桥,40,210,26029
103105710287,https://hz.lianjia.com/ershoufang/103105710287.html,金沙湖金装小两房，双阳台，进来看看,德信早城 ,2室1厅,,南,精装,高楼层(共18层),2012,金沙湖,4,235,45193
103105254119,https://hz.lianjia.com/ershoufang/103105254119.html,花园电梯洋房，三房两厅两卫，厨卫全明,合景叠彩园 ,3室2厅,109.58,南 北,精装,高楼层(共7层),2016,未来科技城,31,430,39241
103105719342,https://hz.lianjia.com/ershoufang/103105719342.html,满五唯一，户型好，通透，得房率高，中间楼层,太平家园 ,2室2厅,72.17,南,毛坯,中楼层(共6层),2012,星桥,21,145,20092
103105777728,https://hz.lianjia.com/ershoufang/103105777728.html,精装全屋地暖，大金空调，拎包入住，主要房东诚心出售,九龙仓碧玺 ,3室1厅,82.22,南,精装,中楼层(共31层),2015,桥西,10,510,62029
103105339269,https://hz.lianjia.com/ershoufang/103105339269.html,恒大开发商物业好，精装修 户型好 采光好 诚心出售,恒大帝景 ,3室2厅,91.63,南 北,精装,中楼层(共30层),2016,南部卧城,9,265,28921
103105752243,https://hz.lianjia.com/ershoufang/103105752243.html,房东置换诚心出售，精装修带家具家电，可拎包入住！,广厦天都城蓝调公寓 ,2室2厅,89.21,南,精装,中楼层(共21层),2015,星桥,11,220,24661
103105410913,https://hz.lianjia.com/ershoufang/103105410913.html,合景映月台 3室2厅 410万,合景映月台 ,3室2厅,89.06,南 北,毛坯,低楼层(共7层),2018,闲林,3,410,46037
103105411399,https://hz.lianjia.com/ershoufang/103105411399.html,客厅带飘窗，南北通风，户型方正，东边套的户型，,海德公园 ,3室2厅,83.1,南,毛坯,,,勾庄,8,270,32491
103103435238,https://hz.lianjia.com/ershoufang/103103435238.html,耀江福村 三室两厅 自住清爽装修 中间楼层  位置安静,耀江福村 ,3室2厅,92.32,南 北,精装,中楼层(共7层),1998,近江,28,480,51994
103105790949,https://hz.lianjia.com/ershoufang/103105790949.html,低总价，好楼层，自住装修，拎包入住,长征桥路48弄 ,1室1厅,35.55,南,精装,中楼层(共7层),1992,和睦,12,140,39382
103105478054,https://hz.lianjia.com/ershoufang/103105478054.html,纯边套户型，业主诚心出售，价格可谈。,中国铁建西湖国际城 ,3室2厅,,南,毛坯,,,良渚,14,305,34660
103105042586,https://hz.lianjia.com/ershoufang/103105042586.html,复兴南苑标准一居室，视野开阔，采光充足。,复兴南苑 ,1室1厅,35.48,南,精装,高楼层(共6层),2000,复兴,56,150,42278
103102249855,https://hz.lianjia.com/ershoufang/103102249855.html,绿城蓝庭，一本证，绿城物业，小区环境好,绿城蓝庭西区 ,3室2厅,86.54,南,简装,中楼层(共14层),2011,临平,113,220,25422
103103894122,https://hz.lianjia.com/ershoufang/103103894122.html,濮家东村好房，两房朝南带大阳台！,濮家东村 ,2室1厅,50.85,南,简装,中楼层(共7层),1995,闸弄口,57,205,40315
103105495367,https://hz.lianjia.com/ershoufang/103105495367.html,景溪北苑 两房户型 南北通透 楼幢位置好 采光好,三墩景溪北苑 ,2室1厅,61.78,南 北,简装,低楼层(共25层),2017,良渚,155,159,25737
103105184381,https://hz.lianjia.com/ershoufang/103105184381.html,江南豪园 业主自住装修 三房两卫 诚心出售,江南豪园 ,3室2厅,,南 北,精装,低楼层(共20层),2005,滨江区政府,9,662,45343
103104043304,https://hz.lianjia.com/ershoufang/103104043304.html,美好桂花星座 满两年 户型方正 两房精装修,美好桂花星座 ,2室1厅,53.55,南,精装,中楼层(共23层),2016,星桥,189,145,27078
103103596477,https://hz.lianjia.com/ershoufang/103103596477.html,租客简装两房，诚心出售的，看房方便,梧桐燕庐 ,2室2厅,86.23,南,简装,高楼层(共11层),2013,转塘,9,270,31312
103105462926,https://hz.lianjia.com/ershoufang/103105462926.html,美政72方三房！少有户型一梯两户！两房朝南业主诚售,美政花苑 ,3室1厅,72.05,南,简装,中楼层(共7层),1999,复兴,44,315,43720
103104751744,https://hz.lianjia.com/ershoufang/103104751744.html,西城年华精装修大2居东边套全明户型楼层好看房方便,广宇西城年华 ,2室2厅,84.19,南 西,简装,高楼层(共27层),2007,申花,30,412,48937
103103640107,https://hz.lianjia.com/ershoufang/103103640107.html,西溪晴雪 纯毛坯 3房 采光好 带电梯多层洋房,西溪晴雪 ,3室2厅,89.5,南,毛坯,高楼层(共6层),2012,西溪,26,380,42459
103105770050,https://hz.lianjia.com/ershoufang/103105770050.html,寰宇天下 2室2厅 500万,寰宇天下 ,2室2厅,89.8,南,精装,中楼层(共34层),2014,滨江区政府,11,500,55680
103105271761,https://hz.lianjia.com/ershoufang/103105271761.html,边套户型 看房方便  小两房  全面户型,上沙锦湖家园 ,2室1厅,,南,简装,中楼层(共18层),2012,金沙湖,78,195,33621
103105307877,https://hz.lianjia.com/ershoufang/103105307877.html,清爽装修 楼层好 采光好无遮挡,九莲新村 ,2室1厅,60.13,南 北,精装,中楼层(共7层),1987,九莲,17,260,43240
103105149253,https://hz.lianjia.com/ershoufang/103105149253.html,保利湾天地精装大两房，双阳台，5.8米层高！,保利湾天地 ,2室2厅,,南 北,精装,33层,2010,沿江南,103,120,12372
103103261350,https://hz.lianjia.com/ershoufang/103103261350.html,精装自住 拎包入住 正气两房 满五年免增值税 小区中间,联合格里 ,2室2厅,74.26,南,精装,低楼层(共16层),2010,丁桥,92,206,27741
103103642740,https://hz.lianjia.com/ershoufang/103103642740.html,绿城品质 好房急售 高层东边套满五唯一 江景房好楼层,绿城西子郁金香岸 ,3室2厅,125.65,南,毛坯,中楼层(共26层),2007,闻堰,39,338,26901
103103976354,https://hz.lianjia.com/ershoufang/103103976354.html,三里亭  闸弄口   小两房  毛坯适合想自己装修的,三里亭苑三区 ,2室1厅,50.46,南,简装,中楼层(共7层),1996,三里亭,64,185,36663
103104699706,https://hz.lianjia.com/ershoufang/103104699706.html,城中花园(临安) 3室2厅 163万,城中花园(临安) ,3室2厅,,南,简装,低楼层(共6层),1996,临安,8,163,13361
103104936810,https://hz.lianjia.com/ershoufang/103104936810.html,未来科技城板块，与梦想小镇为邻，地铁出行方便,钱神花苑 ,3室2厅,144.01,南 北,精装,中楼层(共5层),2000,未来科技城,13,345,23957
103104970907,https://hz.lianjia.com/ershoufang/103104970907.html,此房未满两年，小三房，视野开阔无遮挡.带阳台,越秀星汇城 ,3室2厅,,南,毛坯,,,临安,6,152,17079
103105161919,https://hz.lianjia.com/ershoufang/103105161919.html,精装三房未两年，业主置换诚心出售,良渚文化村七贤郡 ,3室2厅,86.38,南,精装,低楼层(共10层),2014,良渚,34,220,25469
103103139478,https://hz.lianjia.com/ershoufang/103103139478.html,艮北新城，东站后花园，三开朝南户型，中上楼层,世茂东壹号 ,3室2厅,88.1,南,精装,中楼层(共16层),2015,九堡,35,355,40296
103104189131,https://hz.lianjia.com/ershoufang/103104189131.html,塘栖古镇旁，三房附两个储藏室，装修保养完好,塘栖一小区 ,3室1厅,79.14,南,简装,高楼层(共5层),1990,塘栖,20,113,14279
103104513193,https://hz.lianjia.com/ershoufang/103104513193.html,施家花园高层好视野，精装修住宅业主诚心出售,施家花园 ,3室1厅,74.67,南 北,精装,高楼层(共7层),2000,流水苑,37,290,38838
103104908440,https://hz.lianjia.com/ershoufang/103104908440.html,春江悦茗，品质小区，东边套，不靠高架,龙湖旭辉春江悦茗 ,3室1厅,,东南 南,毛坯,中楼层(共30层),2017,萧山新城区,6,480,40337
103102076558,https://hz.lianjia.com/ershoufang/103102076558.html,人和家园　余杭区五常板块　看房方便,人和家园 ,3室2厅,83.06,南,简装,低楼层(共11层),2006,留下,228,210,25283
103105092929,https://hz.lianjia.com/ershoufang/103105092929.html,满二年，能看江小区景观，看房方便 中高层，精装修,绿城留香园 ,3室2厅,99.75,南,精装,中楼层(共27层),2019,钱江新城,4,750,75188
103102708090,https://hz.lianjia.com/ershoufang/103102708090.html,西溪君庐优质房源，房东自住精装修,西溪君庐 ,4室2厅,,南,精装,低楼层(共7层),2016,西溪,40,518,37267
103102505425,https://hz.lianjia.com/ershoufang/103102505425.html,滨江多层的两房得房率高，自住精装,时代长岛之春 ,2室2厅,80.92,南,精装,中楼层(共6层),2005,浦沿,109,280,34603
103104671656,https://hz.lianjia.com/ershoufang/103104671656.html,70年产权 世纪城板块 精装 满五唯一 诚售，双阳台,佳境天城成合苑 ,1室1厅,59.11,南,精装,中楼层(共17层),2007,钱江世纪城,74,250,42295
103105122698,https://hz.lianjia.com/ershoufang/103105122698.html,总价低，位置好安静，精装修带地暖，看房随时,绿城留香园 ,3室2厅,99.74,东 南,精装,低楼层(共28层),2019,钱江新城,44,720,72188
103105252308,https://hz.lianjia.com/ershoufang/103105252308.html,滨江金色江南 品质小区 双泳池、健身房 2号线地铁,滨江金色江南 ,3室2厅,87.3,南 北,精装,低楼层(共27层),2016,钱江世纪城,11,450,51547
103101929938,https://hz.lianjia.com/ershoufang/103101929938.html,德圣博奥城 纯边套 诚心出售 满两年,德圣博奥城 ,4室2厅,110.9,东 南 北,毛坯,中楼层(共30层),2013,萧山新城区,37,420,37872
103105290306,https://hz.lianjia.com/ershoufang/103105290306.html,业主诚心卖，价格有谈的空间，已经看好房子准备置换,耀江文萃苑 ,3室2厅,132.86,西南,精装,高楼层(共18层),2003,文教,12,730,54946
103102717011,https://hz.lianjia.com/ershoufang/103102717011.html,武林路 业主自住，干净清爽两房,武林路 ,2室1厅,53.42,东 西,简装,高楼层(共7层),1976,武林,51,260,48671
103105334817,https://hz.lianjia.com/ershoufang/103105334817.html,洋房中间楼层，精装全配，有车位，诚心出售，看房方便,金地艺境 ,3室2厅,89.75,南,精装,中楼层(共9层),2017,乔司,28,255,28413
103105172011,https://hz.lianjia.com/ershoufang/103105172011.html,低总价刚需小户型西边套，光线好，无遮挡,新江花园 ,2室1厅,64.12,南,简装,高楼层(共6层),2007,九堡,31,218,33999
103105132141,https://hz.lianjia.com/ershoufang/103105132141.html,开发商统一装修 装修可以拎包入住 ！,盛泰名都中心 ,1室0厅,,南,精装,中楼层(共28层),2012,高教园区西,5,75,16305
103104019780,https://hz.lianjia.com/ershoufang/103104019780.html,东新关 一南一北户型 大两房！,东新关 ,2室1厅,59.77,南 北,简装,高楼层(共7层),1994,朝晖,186,180,30116
103104160964,https://hz.lianjia.com/ershoufang/103104160964.html,楼层好 ， 看房方便 ，配套设施齐全，交通便捷。,嘉丰万悦城 ,3室1厅,89.29,南,毛坯,中楼层(共28层),2017,临平,9,180,20160
103105666636,https://hz.lianjia.com/ershoufang/103105666636.html,亿丰蔚蓝郡 次新小区 精装修 近地铁,亿丰蔚蓝郡 ,3室1厅,86.4,南 北,精装,中楼层(共23层),2012,良渚,7,285,32987
103104273294,https://hz.lianjia.com/ershoufang/103104273294.html,久睦苑   刚需小两房   业主包增值税   次顶楼,久睦苑 ,2室1厅,61.81,南,毛坯,高楼层(共17层),2013,丁桥,15,157,25401
103101899066,https://hz.lianjia.com/ershoufang/103101899066.html,下沙西纯边套中装小户型，居住舒适,下沙幸福雅苑 ,1室1厅,58.36,南,简装,低楼层(共22层),2014,金沙湖,172,175,29987
103104416300,https://hz.lianjia.com/ershoufang/103104416300.html,景芳四区 两室一厅  非顶楼，户型方正,景芳四区 ,2室1厅,56.05,南,简装,高楼层(共7层),1995,景芳,10,240,42819
103104779211,https://hz.lianjia.com/ershoufang/103104779211.html,精装修，三开间朝南，楼层好，价格便宜,野风启城 ,3室1厅,89.87,南,精装,高楼层(共27层),2016,塘栖,39,160,17804
103105414323,https://hz.lianjia.com/ershoufang/103105414323.html,西溪华东园 满两年 户型方正 南北通透,西溪华东园 ,5室2厅,241.66,南 北,精装,中楼层(共18层),2014,翡翠城,13,695,28760
103104898124,https://hz.lianjia.com/ershoufang/103104898124.html,满五唯一，精装修户型通透 双阳台，可以拎包入住,闲林山水木兰苑 ,3室2厅,,南,简装,中楼层(共5层),2006,闲林,16,280,22400
103102633084,https://hz.lianjia.com/ershoufang/103102633084.html,低总价住宅 精装修拎包入住 杭州南站,馨星大厦 ,1室1厅,43.48,南,简装,中楼层(共17层),2000,萧山市区,64,104.4,24000
103104517857,https://hz.lianjia.com/ershoufang/103104517857.html,世纪公园旁，小户型，70年产权，通天然气，独立厨房,都市港湾 ,1室1厅,46.72,西,简装,中楼层(共20层),2003,临平,52,75,16054
103105072166,https://hz.lianjia.com/ershoufang/103105072166.html,名城湖左岸 精装修跃层 拎包入住,名城湖左岸 ,3室2厅,89.38,南,精装,高楼层(共23层),2012,金沙湖,12,435,48669
103104591671,https://hz.lianjia.com/ershoufang/103104591671.html,文海文泽路地铁，总价低，轻松购买，带管煤,北银公寓 ,1室1厅,39.1,南,精装,中楼层(共7层),1995,高教园区西,14,120,30691
103102271108,https://hz.lianjia.com/ershoufang/103102271108.html,此房户型方正，视野采光好，环境优美,之江路42号 ,2室2厅,71.83,东 南,精装,低楼层(共3层),1998,之江,104,276,38425
103105626842,https://hz.lianjia.com/ershoufang/103105626842.html,精致中式排屋级装修，含红木家具，顶跃好房,时代长岛之春 ,6室3厅,216.46,南 北,精装,高楼层(共6层),2005,浦沿,1,660,30491
103104713919,https://hz.lianjia.com/ershoufang/103104713919.html,业主诚售！高楼层通风好无遮挡，随时可看。,东裕华庭 ,2室2厅,75.77,东南,毛坯,,,大江东,97,102,13462
103102448970,https://hz.lianjia.com/ershoufang/103102448970.html,满两年没有综合税   三房户型,保亿风景晨园 ,3室2厅,85.82,南,简装,低楼层(共25层),2016,乔司,195,189,22023
103103789596,https://hz.lianjia.com/ershoufang/103103789596.html,诚售、中间位置、采光足、，远离噪音，纯毛坯,绿城西溪融庄 ,4室2厅,161.91,南,毛坯,中楼层(共7层),2015,西溪,15,650,40146
103102828585,https://hz.lianjia.com/ershoufang/103102828585.html,打铁关地铁口 三房朝南 中间楼层 诚心出售,平凡里公寓 ,4室2厅,113.71,南,精装,中楼层(共7层),1998,流水苑,18,465,40894
103103981160,https://hz.lianjia.com/ershoufang/103103981160.html,三房，飞机户型，中间楼层采光好,康乐新村 ,3室2厅,99.45,南,简装,低楼层(共7层),1996,文三西路,37,365,36702
103102264085,https://hz.lianjia.com/ershoufang/103102264085.html,满两年西边套采光好小区巴士出门便利带花园车位另算,众安白马山庄 ,联排别墅,,219.5平米,南,5层,2015,小和山,152,505,23007
103104717903,https://hz.lianjia.com/ershoufang/103104717903.html,此房户型方正，视野宽阔，无遮挡,旭辉时代城 ,3室1厅,83.08,南,毛坯,高楼层(共24层),2018,崇贤,31,183,22027
103102896973,https://hz.lianjia.com/ershoufang/103102896973.html,70年住宅双层上下方便带大露台,四季名门城市公寓 ,3室2厅,123.18,南,简装,低楼层(共29层),2007,高教园区西,41,265,21514
103105374633,https://hz.lianjia.com/ershoufang/103105374633.html,东边套 采光充足 视野开阔 生活便利 房东诚心出售,塘河北村 ,2室1厅,70.04,南 北,简装,高楼层(共6层),1997,信义坊,6,240,34267
,690,41231
103104730553,https://hz.lianjia.com/ershoufang/103104730553.html,精装，房东诚心出售，跃层公寓，看房方便,东田怡丰城 ,3室1厅,40.2,南,精装,,,乔司,8,88,21891
103102920136,https://hz.lianjia.com/ershoufang/103102920136.html,西子花园 跃层户型，南北朝向格局，带露台包含1个车位,中北西子花园 ,5室3厅,236.83,南,简装,高楼层(共11层),2000,朝晖,21,930,39269
103104897331,https://hz.lianjia.com/ershoufang/103104897331.html,万达边，近人工智能小镇，小两房出售,西城时代家园 ,2室2厅,88.47,南 北,简装,低楼层(共6层),2012,未来科技城,27,210,23737
103105437733,https://hz.lianjia.com/ershoufang/103105437733.html,小区环境好，自住装修，视野开阔。采光好,融创金成西溪海 ,3室1厅,88.57,南 北,精装,低楼层(共18层),2014,闲林,10,240,27098
103102518643,https://hz.lianjia.com/ershoufang/103102518643.html,星洲花园经典两房      交通便利,星洲花园花柏美舍 ,2室1厅,,南,简装,低楼层(共6层),2000,文一西路,64,495,59639
103104936823,https://hz.lianjia.com/ershoufang/103104936823.html,房子纯东边套 好楼层 南北透风,农港苑 ,2室1厅,62.19,南,毛坯,高楼层(共15层),2010,丁桥,31,173,27818
103102987666,https://hz.lianjia.com/ershoufang/103102987666.html,西湖新城 交通便利 户型方正 改善居住,西湖新城 ,3室2厅,112.53,南,简装,低楼层(共16层),1989,朝晖,9,520,46210
103105377159,https://hz.lianjia.com/ershoufang/103105377159.html,金成花园 户型正气 装修保养不错 楼层五楼,金成花园 ,2室2厅,65.23,南,精装,中楼层(共7层),1998,文一西路,18,333,51051
103101880609,https://hz.lianjia.com/ershoufang/103101880609.html,政苑小区 大跃层 改善大户型 临河景观,政苑小区 ,5室3厅,201.25,南,精装,高楼层(共6层),2005,申花,53,800,39752
103105016591,https://hz.lianjia.com/ershoufang/103105016591.html,两房朝南，诚心出售，看房方便，位置好,翠苑三区 ,2室1厅,50.33,南,简装,高楼层(共6层),1989,翠苑,20,202,40136
103103165662,https://hz.lianjia.com/ershoufang/103103165662.html,新青春坊电梯房 有钥匙 中河北路地铁口,青春坊 ,2室2厅,84.2,南 西,简装,中楼层(共18层),1998,长庆,24,390,46319
103104919779,https://hz.lianjia.com/ershoufang/103104919779.html,中间楼层的跃层，实际使用面积120+，自住装修，诚售。,复地连城国际 ,4室2厅,90.77,南 北,精装,中楼层(共13层),2011,乔司,43,261,28754
103102393734,https://hz.lianjia.com/ershoufang/103102393734.html,未来科技城 花园电梯洋房 满2年 自住装修 诚心出售,爱丁郡 ,3室2厅,149.58,南 北,精装,中楼层(共7层),2011,翡翠城,40,485,32425
103102683247,https://hz.lianjia.com/ershoufang/103102683247.html,此房满五年，免综合税，地铁口.中间楼层,东海未名园 ,3室2厅,118.28,南 北,简装,中楼层(共6层),2005,高教园区西,105,320,27055
103105024995,https://hz.lianjia.com/ershoufang/103105024995.html,两房朝南 户型方正  楼层适中 靠运河,新苑小区 ,2室1厅,67.89,南,简装,中楼层(共5层),2010,塘栖,31,103,15172
103103461581,https://hz.lianjia.com/ershoufang/103103461581.html,赞成美树 跃层 户型正气 实用面积大,赞成美树 ,5室2厅,131.33,南,毛坯,中楼层(共13层),2013,勾庄,14,370,28174
103105097237,https://hz.lianjia.com/ershoufang/103105097237.html,华天苑小两居室纯毛坯诚心出售楼层高,华天苑 ,2室2厅,63.04,南,毛坯,高楼层(共16层),2007,丁桥,118,147,23319
103104160561,https://hz.lianjia.com/ershoufang/103104160561.html,绿城蓝庭西区顶跃2层 精装修 6房3卫直接拎包入住,绿城蓝庭西区 ,6室2厅,,南 北,精装,高楼层(共11层),2013,临平,104,480,19754
103104322394,https://hz.lianjia.com/ershoufang/103104322394.html,新上：全新装修 未入住！满2年  带地下室车库！,华立江南水乡 ,联排别墅,,204.8平米,南 北,1层,2005,翡翠城,78,778,37989
103105519486,https://hz.lianjia.com/ershoufang/103105519486.html,此房满五不唯一，采光好无遮挡。,直石板弄 ,3室1厅,72.23,南,简装,高楼层(共6层),1985,萧山市区,7,202,27967
103103465909,https://hz.lianjia.com/ershoufang/103103465909.html,三房户型 简装 中间楼层 采光无遮挡 诚心出售,后珠美邻嘉苑 ,3室2厅,89.31,南,简装,中楼层(共17层),2008,丁桥,46,240,26873
103104556583,https://hz.lianjia.com/ershoufang/103104556583.html,满五年唯一，业主自住，诚心出售。,下沙文汇苑 ,3室2厅,152.27,南 北,精装,高楼层(共12层),2005,高教园区西,17,380,24956
103105165593,https://hz.lianjia.com/ershoufang/103105165593.html,多层得房高南北楼间距大采光无影响户型通透大房间,广悦公寓 ,2室2厅,86.71,南 北,毛坯,低楼层(共6层),2011,南部卧城,26,220,25372
103103638436,https://hz.lianjia.com/ershoufang/103103638436.html,上学近  清爽装修  看房方便,保俶北路90号 ,3室1厅,77.73,南,简装,中楼层(共6层),1988,文教,16,430,55320
103102809252,https://hz.lianjia.com/ershoufang/103102809252.html,优选好房精装修 层高5.6米使用面积多  业主诚心出售,风雅乐府 ,2室2厅,77.28,南,精装,高楼层(共36层),2012,万达广场,29,296,38303
103105733068,https://hz.lianjia.com/ershoufang/103105733068.html,满五唯一，看房有钥匙。房东诚心出售。,郡枫绿园东区 ,2室1厅,62.63,南,简装,高楼层(共14层),2015,丁桥,3,185,29539
07,星桥,180,146.8,16960
103105632722,https://hz.lianjia.com/ershoufang/103105632722.html,天阳尚景国际精装三房   房东诚心出售,天阳尚景国际 ,3室2厅,,南,精装,高楼层(共24层),2015,申花,4,515,57866
103102244514,https://hz.lianjia.com/ershoufang/103102244514.html,房东满五唯一，没有双税，带家具家电拎包入住，景观房,京都苑 ,2室1厅,89.84,东南 北,简装,中楼层(共18层),2000,流水苑,110,335,37289
103104095574,https://hz.lianjia.com/ershoufang/103104095574.html,精装修中间楼层，房东置换诚售，不临高架，满五唯一,爵士风情花园 ,3室2厅,113.49,南 北,精装,中楼层(共6层),2008,闲林,211,260,22910
103105332747,https://hz.lianjia.com/ershoufang/103105332747.html,精装修LOFT， 视野好 未来科技城板块,创客空间大厦 ,2室2厅,42.56,西,精装,中楼层(共21层),2018,未来科技城,5,100,23497
103104528932,https://hz.lianjia.com/ershoufang/103104528932.html,三期多层自住精装修顶跃大四房，视野采光好,亲亲家园三期 ,4室3厅,,南 北,精装,高楼层(共7层),2006,三墩,23,480,27273
103102332006,https://hz.lianjia.com/ershoufang/103102332006.html,蓝庭东区 满两年 一本证 户型方正 看房方便,绿城蓝庭东区 ,4室2厅,,南,毛坯,低楼层(共14层),2013,临平,13,440,21257
103103864807,https://hz.lianjia.com/ershoufang/103103864807.html,滨湖新区 配套成熟 交通便利 视野开阔 青山湖景房,钱锦花园 ,3室2厅,,南,毛坯,,,临安,7,142,15269
103104956163,https://hz.lianjia.com/ershoufang/103104956163.html,全明户型四房，南面沿河，北面带大露台，有车位另算,世纪新城西区 ,4室2厅,162.88,南 北,简装,低楼层(共10层),2005,嘉绿,4,960,58940
103102372506,https://hz.lianjia.com/ershoufang/103102372506.html,地铁四号线两房边套户型可以见江景,银爵世纪公寓 ,2室2厅,,南 北,简装,高楼层(共32层),2008,浦沿,33,340,38203
103104247458,https://hz.lianjia.com/ershoufang/103104247458.html,自住装修，保养得当，视野采光好,都市阳光嘉苑 ,2室1厅,64.01,南,精装,中楼层(共18层),2010,良渚,106,180,28121
103102458780,https://hz.lianjia.com/ershoufang/103102458780.html,北景园芳洲苑 南北通风 大两房随时看房,北景园芳洲苑 ,2室2厅,89.22,南,简装,中楼层(共11层),2005,石桥,25,270,30263
103105021650,https://hz.lianjia.com/ershoufang/103105021650.html,世茂正气纯正东边套 南北通透一线江景 电梯入户纯毛坯,世茂江滨花园瑞景湾 ,4室2厅,,南 北,毛坯,中楼层(共33层),2010,沿江南,13,540,20850
103105699154,https://hz.lianjia.com/ershoufang/103105699154.html,青枫墅园 3室2厅 245万,青枫墅园 ,3室2厅,88.84,南 北,简装,高楼层(共18层),2014,闲林,23,245,27578
103102580128,https://hz.lianjia.com/ershoufang/103102580128.html,明辉花园电梯房，给你一个温馨的家,明华明辉花园 ,3室2厅,165.38,南 北,简装,低楼层(共18层),2002,萧山开发区,28,300,18141
103102811166,https://hz.lianjia.com/ershoufang/103102811166.html,位置佳，户型好，采光好，诚心出售！,梅堰小区 ,2室1厅,63.9,南,简装,中楼层(共6层),1992,临平,58,130,20345
103103227231,https://hz.lianjia.com/ershoufang/103103227231.html,绿城蓝庭东区，满五唯一，无增值税，看房随时，有钥匙,绿城蓝庭东区 ,2室2厅,88.58,南,毛坯,中楼层(共18层),2013,临平,23,205,23143
103105498068,https://hz.lianjia.com/ershoufang/103105498068.html,湘湖人家洋房西边套，带露台，纯毛坯。诚心出售,湘湖人家 ,4室2厅,202.57,南 北,毛坯,高楼层(共5层),2007,闻堰,5,485,23943
103105548193,https://hz.lianjia.com/ershoufang/103105548193.html,小和山空气清新，上叠排，带阁楼，总价低适合养老,水木清华 ,5室2厅,212.99,南,毛坯,中楼层(共6层),2008,小和山,0,505,23711
103103532419,https://hz.lianjia.com/ershoufang/103103532419.html,景芳四区 两室一厅 两房朝南 户型方正  低楼层,景芳四区 ,2室1厅,45.08,南,简装,低楼层(共7层),1995,景芳,53,190,42148
103103373558,https://hz.lianjia.com/ershoufang/103103373558.html,满五年 房东诚心出售 户型方正客厅主卧双阳台，,吴越山庄 ,3室2厅,127.14,南,毛坯,低楼层(共6层),2005,临安,7,165,12978
103103860255,https://hz.lianjia.com/ershoufang/103103860255.html,碧水豪园大跃层 满五唯一 房东置换急售 有钥随时看房,碧水豪园 ,5室2厅,203.38,南,毛坯,高楼层(共6层),2005,彩虹城,55,650,31960
103103944682,https://hz.lianjia.com/ershoufang/103103944682.html,满5唯一，品质小区，户型方正，小区配套资源齐全,东海水景城 ,3室2厅,122.56,南,毛坯,高楼层(共29层),2010,临平,5,310,25294
103105196621,https://hz.lianjia.com/ershoufang/103105196621.html,颐景园   中间位置   南北通透  精装修  西边套.,颐景园 ,4室2厅,,南 北,精装,中楼层(共6层),2000,文三西路,1,750,53572
103104803861,https://hz.lianjia.com/ershoufang/103104803861.html,西溪诚园品质公寓，没住过人保养的很好，精装修交付,西溪诚园明礼苑 ,3室2厅,148.55,南,精装,低楼层(共10层),2013,西溪,42,450,30293
103104113673,https://hz.lianjia.com/ershoufang/103104113673.html,文一街 单价低 三居室 业主诚心卖,西溪河下76号 ,3室1厅,66.68,南,简装,高楼层(共5层),1988,文教,16,370,55489
103105601987,https://hz.lianjia.com/ershoufang/103105601987.html,格局不错 楼层刚好中间    诚心出售 急,建工新村 ,2室1厅,53.29,南,简装,低楼层(共6层),1987,学军,6,330,61926
103105604603,https://hz.lianjia.com/ershoufang/103105604603.html,蚕花园永和坊 2室1厅 225万,蚕花园永和坊 ,2室1厅,60.59,南,简装,低楼层(共7层),2000,拱宸桥,0,225,37135
103104205041,https://hz.lianjia.com/ershoufang/103104205041.html,翠苑四区，低总价一居室，主卧朝南。,翠苑四区 ,1室1厅,37.72,南,简装,低楼层(共7层),1993,翠苑,38,158,41888
103102031384,https://hz.lianjia.com/ershoufang/103102031384.html,青蓝闹中取静优质小区，三房朝南户型，采光充足,水陆寺巷 ,4室1厅,,南,精装,高楼层(共7层),1994,长庆,20,545,42579
103104373094,https://hz.lianjia.com/ershoufang/103104373094.html,香港城低楼层 清爽装修 户型正气,康乐香港城 ,2室2厅,74.43,南,简装,低楼层(共7层),1997,文三西路,45,268,36007
103104450184,https://hz.lianjia.com/ershoufang/103104450184.html,临平市区 两房总价低 交通便利 生活配套成熟,邱山小区 ,2室1厅,58.57,南,毛坯,高楼层(共5层),2008,临平,26,125,21342
103104496800,https://hz.lianjia.com/ershoufang/103104496800.html,户型方正 两房朝南  交通便利,石灰桥新村 ,2室1厅,58.78,南,简装,低楼层(共4层),1986,文教,19,330,56142
103102415117,https://hz.lianjia.com/ershoufang/103102415117.html,满五唯一，距离卖小本部不到100米的优质三房急售！,文一路38弄 ,3室1厅,73.38,南 北,毛坯,高楼层(共5层),1985,信义坊,4,305,41565
103104772822,https://hz.lianjia.com/ershoufang/103104772822.html,都市水乡水月苑  刚需两房 小区环境好,都市水乡水月苑 ,2室1厅,97.74,南,精装,中楼层(共11层),2005,三墩,15,298,30490
103105131746,https://hz.lianjia.com/ershoufang/103105131746.html,长宁街小区 中河北路地铁口 小区环境好,长宁街 ,1室1厅,41.73,南 北 西,简装,中楼层(共7层),1990,长庆,19,189,45292
103102816635,https://hz.lianjia.com/ershoufang/103102816635.html,白鹭郡北 精装修 4跃5 采光好 视野好 诚心出售,良渚文化村白鹭郡北 ,4室2厅,149.09,南,精装,高楼层(共4层),2006,良渚,63,375,25153
103105276666,https://hz.lianjia.com/ershoufang/103105276666.html,海天城精装婚房 满五唯一 拎包入住,野风海天城 ,2室2厅,93.77,南,精装,高楼层(共31层),2007,沿江北,2,300,31994
103102953209,https://hz.lianjia.com/ershoufang/103102953209.html,丁桥大三房  两卫  三开间朝南 中间楼层 精装修,长睦家苑 ,3室1厅,103.31,南,精装,中楼层(共6层),2008,丁桥,97,275,26619
103102404758,https://hz.lianjia.com/ershoufang/103102404758.html,紫桂花园 十步一景 地铁二号线 人文素养高,紫桂花园 ,2室2厅,101.55,南,精装,中楼层(共5层),2003,文一西路,72,610,60069
103104094519,https://hz.lianjia.com/ershoufang/103104094519.html,地铁口三房 好户型  中间楼层   东边套,艮园社区 ,3室1厅,63.83,南,简装,中楼层(共7层),1992,建国北路,4,255,39950
103104119608,https://hz.lianjia.com/ershoufang/103104119608.html,满五唯一 开发商精装 业主诚售 中间楼层,盛世嘉园 ,1室1厅,40.98,南,精装,低楼层(共18层),2006,闲林,56,110,26843
103104290762,https://hz.lianjia.com/ershoufang/103104290762.html,真正西湖边上，出门就是西湖，位置好，环境好,荷花池头 ,3室2厅,104.24,东 西,简装,中楼层(共7层),1997,清波,56,580,55641
103104362816,https://hz.lianjia.com/ershoufang/103104362816.html,闻涛实验 江景房 房东自住 满五唯一 有钥匙看房方便,银泰海威国际 ,3室2厅,133.6,南,精装,高楼层(共33层),2009,长河,5,630,47156
103104664367,https://hz.lianjia.com/ershoufang/103104664367.html,杭齿宿舍，南北通透两室，业主诚心出售，随时看房。,杭齿宿舍 ,2室1厅,64.5,南 北,简装,中楼层(共5层),1988,湘湖,173,138,21396
103104679756,https://hz.lianjia.com/ershoufang/103104679756.html,满五唯一，带40方院子，精装修，套内面积大，有垫高,翠苑四区南园 ,3室2厅,78.7,南,精装,低楼层(共6层),1991,翠苑,38,385,48920
103105224319,https://hz.lianjia.com/ershoufang/103105224319.html,复地 大三房 双卫 东边套 可直接出租,复地连城国际 ,3室2厅,,东 南 北,简装,低楼层(共16层),2011,乔司,0,350,25363
103105415283,https://hz.lianjia.com/ershoufang/103105415283.html,绿城品质，精装修.采光好.业主诚意出售.看房有钥匙,绿城玉兰公寓 ,2室1厅,87.63,南,精装,高楼层(共18层),2010,三里亭,23,377,43022
103104424961,https://hz.lianjia.com/ershoufang/103104424961.html,两房（可做三房） 有车位 有钥匙随时看房,罗兰春天 ,2室1厅,82.25,南,简装,中楼层(共17层),2012,九堡,6,280,34043
103105669883,https://hz.lianjia.com/ershoufang/103105669883.html,中间楼层采光好，单价低总价低，房东诚心出售,文一路38弄 ,2室1厅,46.52,南,简装,低楼层(共6层),1985,信义坊,4,178,38264
103104452802,https://hz.lianjia.com/ershoufang/103104452802.html,运河畔，精装东边套，闹中取静，业主诚心出售,左岸花园 ,4室2厅,141.34,南,精装,中楼层(共11层),2005,拱宸桥,16,500,35376
103102640493,https://hz.lianjia.com/ershoufang/103102640493.html,凯德湖墅 两室户型 楼层好 视野佳 首付无要求 诚售,凯德湖墅 ,2室1厅,,南,简装,中楼层(共18层),2016,和睦,12,330,52381
103104498835,https://hz.lianjia.com/ershoufang/103104498835.html,芳满庭中间套，两房朝南，电梯房视野无遮挡,芳满庭 ,3室1厅,85.48,南,简装,低楼层(共22层),2008,申花,20,395,46210
103104512284,https://hz.lianjia.com/ershoufang/103104512284.html,满两年，房东自住装修西边套，视野开阔，诚心出售。,岸上蓝山 ,3室2厅,,南,简装,高楼层(共6层),2013,闲林,18,264,22000
103104670794,https://hz.lianjia.com/ershoufang/103104670794.html,亲亲家园三期，人车分流，户型正气房东自住保养好,亲亲家园三期 ,3室1厅,117.87,南,简装,中楼层(共7层),2006,三墩,26,380,32239
103104715477,https://hz.lianjia.com/ershoufang/103104715477.html,郁金香二期顶跃带大露台，满二年江景视线好,绿城西子郁金香岸 ,6室2厅,319.04,南 北,毛坯,高楼层(共27层),2009,闻堰,8,785,24606
103102024546,https://hz.lianjia.com/ershoufang/103102024546.html,五常板块，多层阁楼房，自住精装修，诚心出售,怡景花城鸣翠苑 ,5室2厅,182.59,南 北,精装,高楼层(共6层),2007,闲林,49,378,20703
103104738527,https://hz.lianjia.com/ershoufang/103104738527.html,紫花苑，多层跃层的，房东诚心出售,紫花苑 ,4室1厅,136.64,南,简装,高楼层(共6层),2000,复兴,4,560,40984
103102151218,https://hz.lianjia.com/ershoufang/103102151218.html,西溪里 满两年 不沿街 主卧客厅双阳台 诚心售,坤和西溪里璞园 ,2室2厅,86.56,南,毛坯,12层,2010,西溪,101,410,47366
103102151246,https://hz.lianjia.com/ershoufang/103102151246.html,城市之星精装住宅，边套户型，含两个车位,滨江城市之星 ,3室2厅,184.5,南,精装,中楼层(共43层),2012,钱江新城,42,1390,75339
103104768535,https://hz.lianjia.com/ershoufang/103104768535.html,房子带阁楼，有装修，可以拎包入住，,东冠逸家 ,4室2厅,92.44,南,精装,高楼层(共6层),2008,乔司,88,220,23800
103102322595,https://hz.lianjia.com/ershoufang/103102322595.html,嘉绿西苑 5室3厅 680万,嘉绿西苑 ,5室3厅,135.27,南,简装,中楼层(共5层),1999,嘉绿,16,680,50270
103104805956,https://hz.lianjia.com/ershoufang/103104805956.html,满两年，楼幢位置安静，格局好，户型方正，东边套,贝利保元泽第 ,4室2厅,,南,精装,低楼层(共18层),2008,临平,23,330,24445
103102451719,https://hz.lianjia.com/ershoufang/103102451719.html,长寿桥低总价，1、2号线地铁口，房龄新，电梯房,三华园 ,1室1厅,51.91,西,精装,高楼层(共23层),1998,天水,99,233,44886
103104898008,https://hz.lianjia.com/ershoufang/103104898008.html,西荡苑经典三房边套户型，带双阳台旁边就是小区花园！,西荡苑桃苑 ,3室2厅,82.8,东 南,简装,低楼层(共6层),2003,文三西路,9,385,46498
103102491341,https://hz.lianjia.com/ershoufang/103102491341.html,沿河独栋，花园围绕，好房等您来！,金成花园别墅 ,独栋别墅,,213.02平米,南,1层,1998,文一西路,33,2000,93888
103104900256,https://hz.lianjia.com/ershoufang/103104900256.html,高楼层，视野很好，毛坯房可自主装修,华元蒙卡岸 ,3室2厅,122.38,南,毛坯,中楼层(共14层),2012,翡翠城,1,375,30643
103104947703,https://hz.lianjia.com/ershoufang/103104947703.html,乔司南地铁口500米，边套三室户型，本房满二年。,佳兆业君汇上品 ,3室1厅,,南,简装,高楼层(共14层),2016,乔司,6,260,29214
103102521408,https://hz.lianjia.com/ershoufang/103102521408.html,风华苑难得户型房东诚出看房方便,绿城风华苑 ,3室2厅,88.72,南,简装,中楼层(共16层),2008,临平,114,172,19387
103105031930,https://hz.lianjia.com/ershoufang/103105031930.html,配套完善 交通便利  房龄新  业主诚售,塘河北村 ,3室1厅,81.51,南,简装,低楼层(共7层),1997,信义坊,39,285,34966
103102589320,https://hz.lianjia.com/ershoufang/103102589320.html,万家花城滨江物业， 自住装修 拎包入住 夹边套,万家花城二期 ,3室1厅,89.32,南 北,精装,低楼层(共18层),2009,申花,101,430,48142
103105081277,https://hz.lianjia.com/ershoufang/103105081277.html,带阁楼，户型利用高，房东诚心出售,回澜南园 ,3室1厅,,南,简装,高楼层(共6层),1993,萧山市区,3,270,29033
103102633102,https://hz.lianjia.com/ershoufang/103102633102.html,众安国泰花园，电梯房毛坯跃层 大4室3厅3卫 带大露台,众安国泰花园 ,4室3厅,248.34,南 北,毛坯,高楼层(共12层),2006,萧山新城区,27,620,24966
103105134400,https://hz.lianjia.com/ershoufang/103105134400.html,德胜新村南 中间楼层全明东边套  精装修拎包入住,德胜新村南 ,2室1厅,55.03,南,精装,高楼层(共6层),1987,朝晖,12,198,35981
103102644183,https://hz.lianjia.com/ershoufang/103102644183.html,金地自在城鹭影轩大两房，楼层佳 采光视野 无遮挡,金地自在城鹭影轩 ,2室2厅,76.93,南,精装,高楼层(共18层),2012,三墩,109,307,39907
103102651014,https://hz.lianjia.com/ershoufang/103102651014.html,翡翠城东北区环境优美，楼层高采光好，房东诚心,翡翠城二期 ,2室2厅,,南,简装,高楼层(共13层),2012,翡翠城,35,289,33219
103105170884,https://hz.lianjia.com/ershoufang/103105170884.html,万科西庐一期 位置好  装修好 采光好 全新未入住,万科西庐一期 ,3室2厅,,南,精装,低楼层(共11层),2016,西溪,5,860,61871
103102672283,https://hz.lianjia.com/ershoufang/103102672283.html,全明户型，装修清爽，房东诚心出售,朝阳西路70号 ,2室1厅,75.78,南,简装,中楼层(共7层),1996,临平,306,145,19135
103105179588,https://hz.lianjia.com/ershoufang/103105179588.html,美政小三房，两房朝南，采光充足，随时看房,美政花苑 ,3室1厅,72.05,南,简装,高楼层(共7层),1998,复兴,44,300,41638
103102681048,https://hz.lianjia.com/ershoufang/103102681048.html,20万精装带家具家电，能直接入住，诚心出售,中兴公寓 ,2室2厅,75.05,南,精装,中楼层(共7层),1998,文三西路,112,315,41973
103105352344,https://hz.lianjia.com/ershoufang/103105352344.html,满两年 刚需户型 采光好 看房随时,金都夏宫 ,3室2厅,88.51,南,简装,中楼层(共33层),2016,临平,11,200,22597
103102838815,https://hz.lianjia.com/ershoufang/103102838815.html,世茂江滨花园 龙湖物业 户型正气 采光好,世茂江滨花园碧景湾 ,2室2厅,86.55,南,简装,29层,2009,沿江南,49,245,28308
103105366048,https://hz.lianjia.com/ershoufang/103105366048.html,经典户型，采光充足，中间楼层，视野开阔,东新园新湖苑 ,3室1厅,100.42,南,简装,中楼层(共15层),2005,三塘,11,340,33858
103102844322,https://hz.lianjia.com/ershoufang/103102844322.html,复兴南苑，两居室，主卧朝南，采光好。,复兴南苑 ,2室1厅,47.82,南,简装,低楼层(共6层),1998,复兴,12,210,43915
103105379751,https://hz.lianjia.com/ershoufang/103105379751.html,高品质小区，必看小三房，独梯独户，拎包即入住。,泊林印象 ,3室2厅,88.41,西南,简装,低楼层(共9层),2013,九堡,35,280,31671
103103265507,https://hz.lianjia.com/ershoufang/103103265507.html,树园小区 一梯三户 总价低 小两房 地铁口 业主诚售,树园 ,2室1厅,48.31,南,毛坯,低楼层(共6层),1990,建国北路,59,192,39744
103105478238,https://hz.lianjia.com/ershoufang/103105478238.html,京都苑84.6方 中间楼层 户型正气 诚心出售 随时看房,京都苑 ,2室2厅,84.62,南 北,简装,中楼层(共7层),1998,流水苑,5,348,41126
103103629178,https://hz.lianjia.com/ershoufang/103103629178.html,金成花园，小户型，正气两房，户型好，满五年,金成花园 ,2室2厅,55.89,南,简装,高楼层(共7层),1998,文一西路,35,298,53320
103105668593,https://hz.lianjia.com/ershoufang/103105668593.html,房东诚心出售  89方三房两卫 带花园  采光好,金地艺境 ,3室2厅,88.54,南,精装,低楼层(共11层),2017,乔司,8,225,25413
103102647273,https://hz.lianjia.com/ershoufang/103102647273.html,钱塘航空大厦项目位于杭州市钱江新城CBD区,钱塘航空大厦 ,1室1厅,51.1,西南,精装,高楼层(共37层),2012,钱江新城,30,135,26419
207,22878
103104664990,https://hz.lianjia.com/ershoufang/103104664990.html,采光充足，视野宽广，LOFT公寓,星耀城 ,1室1厅,42.22,东,精装,中楼层(共20层),2014,滨江区政府,50,158,37424
103103929681,https://hz.lianjia.com/ershoufang/103103929681.html,大关小区，中间楼层，一体四户，南北户型，采光毛牢牢,大关东三苑 ,2室1厅,52.94,南,简装,低楼层(共7层),1995,大关,87,194,36646
103103941298,https://hz.lianjia.com/ershoufang/103103941298.html,天运花园  大两房  精装沿河景观房  房东诚心出售！,天运花园 ,2室1厅,84.89,南,精装,低楼层(共25层),2006,闸弄口,41,370,43586
103102225912,https://hz.lianjia.com/ershoufang/103102225912.html,金海公寓 全明户型，西边套，满五唯一，小区中间位置,金海公寓 ,2室2厅,76.13,南,简装,低楼层(共7层),1996,文三西路,17,308,40458
103104015929,https://hz.lianjia.com/ershoufang/103104015929.html,赞成岭上音乐学院对街，诚售三房！,赞成岭上花苑 ,3室1厅,88.25,南,简装,中楼层(共17层),2009,转塘,83,260,29462
103103359922,https://hz.lianjia.com/ershoufang/103103359922.html,金田花园 经典两房 明厨明卫 小区中间 光线好 采光足,金田花园 ,2室2厅,74.21,南,简装,7层,1998,文三西路,23,298,40157
103104033869,https://hz.lianjia.com/ershoufang/103104033869.html,三开间朝南  品质小区  随时看房,绿城翡翠湾 ,3室2厅,88.78,南,简装,中楼层(共18层),2014,翡翠城,53,305,34355
103103450323,https://hz.lianjia.com/ershoufang/103103450323.html,亲亲家园三期，房龄新，三室两厅两卫全明户型，采光好,亲亲家园三期 ,3室2厅,122.32,南,精装,高楼层(共6层),2006,三墩,19,410,33519
103104152722,https://hz.lianjia.com/ershoufang/103104152722.html,墨香苑 户型方正 电梯房 采光很好 商品房2002年建成,墨香苑 ,2室2厅,123.95,南,精装,低楼层(共10层),2000,信义坊,9,445,35902
103104171078,https://hz.lianjia.com/ershoufang/103104171078.html,火车东站 2/4号线 次新电梯房诚心出售三房带装修,德信东望 ,3室2厅,,南,简装,高楼层(共11层),2016,城东新城,15,395,44383
103104559057,https://hz.lianjia.com/ershoufang/103104559057.html,此房满五唯一，免双税，有院子、采光充足,沈塘东村 ,2室1厅,45.75,南,简装,低楼层(共6层),1985,湖墅,145,154,33662
103104178847,https://hz.lianjia.com/ershoufang/103104178847.html,金成花园 中间楼层 不临街 房东诚心 两房朝南,金成花园 ,2室1厅,72.27,南,精装,中楼层(共7层),1998,文一西路,39,390,53965
103104755904,https://hz.lianjia.com/ershoufang/103104755904.html,"丹桂公寓 中间楼层,不沿马路.,换房诚售.看房方便..",丹桂公寓 ,3室2厅,112.27,南 北,简装,中楼层(共4层),1997,文三西路,7,529,47119
103104247250,https://hz.lianjia.com/ershoufang/103104247250.html,秋涛南苑中间楼层 有钥匙 看房方便 勇进旁,秋涛南苑 ,2室1厅,56.75,南 北,简装,中楼层(共7层),1996,南星,16,285,50221
103100892804,https://hz.lianjia.com/ershoufang/103100892804.html,沁雅花园 西边套 自住装修 有架空 双阳台不沿街诚心售,沁雅花园 ,2室2厅,81.83,西南,精装,低楼层(共6层),2000,文三西路,12,385,47049
